id,name,rarity,skills,slots,equivalentSlots,keySkillValue,createdAt
"CHARM_ID_0003","强走护石Ⅲ","6","HunterSkill_024,3","0,0,0","0,0,0,3,0,0","0","2025-02-27T16:00:00.000Z"
"CHARM_ID_0008","体术护石Ⅴ","8","HunterSkill_025,5","0,0,0","0,0,0,5,0,0","0","2025-02-27T16:00:00.000Z"
"CHARM_ID_0011","纳刀护石Ⅲ","6","HunterSkill_031,3","0,0,0","0,0,0,3,0,0","3","2025-02-27T16:00:00.000Z"
"CHARM_ID_0014","挑战护石Ⅲ","8","HunterSkill_058,3","0,0,0","0,0,0,0,0,3","3","2025-02-27T16:00:00.000Z"
"CHARM_ID_0017","无伤护石Ⅲ","8","HunterSkill_059,3","0,0,0","0,0,0,0,3,0","0","2025-02-27T16:00:00.000Z"
"CHARM_ID_0020","暴怒护石Ⅲ","8","HunterSkill_060,3","0,0,0","0,0,0,0,3,0","3","2025-02-27T16:00:00.000Z"
"CHARM_ID_0022","痛击护石Ⅱ","7","HunterSkill_062,2","0,0,0","0,0,0,0,0,2","2","2025-02-27T16:00:00.000Z"
"CHARM_ID_0026","全开护石Ⅲ","8","HunterSkill_063,3","0,0,0","0,0,0,0,0,3","3","2025-02-27T16:00:00.000Z"
"CHARM_ID_0029","浑身护石Ⅲ","8","HunterSkill_064,3","0,0,0","0,0,0,0,3,0","3","2025-02-27T16:00:00.000Z"
"CHARM_ID_0032","早气护石Ⅲ","6","HunterSkill_065,3","0,0,0","0,0,0,0,3,0","0","2025-02-27T16:00:00.000Z"
"CHARM_ID_0037","防御护石Ⅴ","7","HunterSkill_067,5","0,0,0","0,0,0,5,0,0","0","2025-02-27T16:00:00.000Z"
"CHARM_ID_0040","加护护石Ⅲ","5","HunterSkill_068,3","0,0,0","0,0,0,3,0,0","0","2025-02-27T16:00:00.000Z"
"CHARM_ID_0043","治愈护石Ⅲ","5","HunterSkill_069,3","0,0,0","0,0,0,3,0,0","0","2025-02-27T16:00:00.000Z"
"CHARM_ID_0046","早复护石Ⅲ","5","HunterSkill_070,3","0,0,0","0,0,0,3,0,0","0","2025-02-27T16:00:00.000Z"
"CHARM_ID_0049","快吃护石Ⅲ","5","HunterSkill_071,3","0,0,0","0,0,0,3,0,0","0","2025-02-27T16:00:00.000Z"
"CHARM_ID_0051","耳塞护石Ⅱ","7","HunterSkill_072,2","0,0,0","0,0,0,0,2,0","0","2025-02-27T16:00:00.000Z"
"CHARM_ID_0054","防风护石Ⅲ","6","HunterSkill_073,3","0,0,0","0,0,0,3,0,0","0","2025-02-27T16:00:00.000Z"
"CHARM_ID_0057","耐震护石Ⅲ","6","HunterSkill_074,3","0,0,0","0,0,0,3,0,0","0","2025-02-27T16:00:00.000Z"
"CHARM_ID_0061","回避护石Ⅳ","7","HunterSkill_075,4","0,0,0","0,0,0,0,4,0","0","2025-02-27T16:00:00.000Z"
"CHARM_ID_0064","跳跃护石Ⅲ","6","HunterSkill_076,3","0,0,0","0,0,0,0,3,0","0","2025-02-27T16:00:00.000Z"
"CHARM_ID_0067","耐火护石Ⅲ","5","HunterSkill_077,3","0,0,0","0,0,0,3,0,0","0","2025-02-27T16:00:00.000Z"
"CHARM_ID_0070","耐水护石Ⅲ","5","HunterSkill_078,3","0,0,0","0,0,0,3,0,0","0","2025-02-27T16:00:00.000Z"
"CHARM_ID_0073","耐雷护石Ⅲ","5","HunterSkill_080,3","0,0,0","0,0,0,3,0,0","0","2025-02-27T16:00:00.000Z"
"CHARM_ID_0076","耐冰护石Ⅲ","5","HunterSkill_079,3","0,0,0","0,0,0,3,0,0","0","2025-02-27T16:00:00.000Z"
"CHARM_ID_0079","耐龙护石Ⅲ","5","HunterSkill_081,3","0,0,0","0,0,0,3,0,0","0","2025-02-27T16:00:00.000Z"
"CHARM_ID_0082","耐属护石Ⅲ","8","HunterSkill_082,3","0,0,0","0,0,0,0,0,0","0","2025-02-27T16:00:00.000Z"
"CHARM_ID_0085","耐毒护石Ⅲ","5","HunterSkill_083,3","0,0,0","0,0,0,3,0,0","0","2025-02-27T16:00:00.000Z"
"CHARM_ID_0088","耐麻护石Ⅲ","5","HunterSkill_084,3","0,0,0","0,0,0,3,0,0","0","2025-02-27T16:00:00.000Z"
"CHARM_ID_0091","耐眠护石Ⅲ","5","HunterSkill_085,3","0,0,0","0,0,0,3,0,0","0","2025-02-27T16:00:00.000Z"
"CHARM_ID_0094","耐绝护石Ⅲ","5","HunterSkill_086,3","0,0,0","0,0,0,3,0,0","0","2025-02-27T16:00:00.000Z"
"CHARM_ID_0097","耐爆护石Ⅲ","5","HunterSkill_087,3","0,0,0","0,0,0,3,0,0","0","2025-02-27T16:00:00.000Z"
"CHARM_ID_0101","植学护石Ⅳ","5","HunterSkill_089,4","0,0,0","0,0,0,4,0,0","0","2025-02-27T16:00:00.000Z"
"CHARM_ID_0104","地学护石Ⅲ","5","HunterSkill_090,3","0,0,0","0,0,0,3,0,0","0","2025-02-27T16:00:00.000Z"
"CHARM_ID_0107","重击护石Ⅲ","8","HunterSkill_091,3","0,0,0","0,0,0,0,3,0","0","2025-02-27T16:00:00.000Z"
"CHARM_ID_0110","爆师护石Ⅲ","6","HunterSkill_095,3","0,0,0","0,0,0,3,0,0","0","2025-02-27T16:00:00.000Z"
"CHARM_ID_0113","嗜菇护石Ⅲ","7","HunterSkill_096,3","0,0,0","0,0,0,0,3,0","0","2025-02-27T16:00:00.000Z"
"CHARM_ID_0116","持续护石Ⅲ","5","HunterSkill_097,3","0,0,0","0,0,0,3,0,0","0","2025-02-27T16:00:00.000Z"
"CHARM_ID_0121","友爱护石Ⅴ","6","HunterSkill_098,5","0,0,0","0,0,0,5,0,0","0","2025-02-27T16:00:00.000Z"
"CHARM_ID_0124","小胃口护石Ⅲ","6","HunterSkill_099,3","0,0,0","0,0,0,3,0,0","0","2025-02-27T16:00:00.000Z"
"CHARM_ID_0128","底力护石Ⅳ","8","HunterSkill_100,4","0,0,0","0,0,0,0,4,0","0","2025-02-27T16:00:00.000Z"
"CHARM_ID_0131","耐冲护石Ⅲ","5","HunterSkill_102,3","0,0,0","0,0,0,3,0,0","0","2025-02-27T16:00:00.000Z"
"CHARM_ID_0134","断食护石Ⅲ","5","HunterSkill_105,3","0,0,0","0,0,0,3,0,0","0","2025-02-27T16:00:00.000Z"
"CHARM_ID_0137","逆袭护石Ⅲ","7","HunterSkill_110,3","0,0,0","0,0,0,0,3,0","3","2025-02-27T16:00:00.000Z"
"CHARM_ID_0140","攻势护石Ⅲ","7","HunterSkill_111,3","0,0,0","0,0,0,0,0,3","0","2025-02-27T16:00:00.000Z"
"CHARM_ID_0143","转福护石Ⅲ","8","HunterSkill_113,3","0,0,0","0,0,0,0,3,0","0","2025-02-27T16:00:00.000Z"
"CHARM_ID_0146","连击护石Ⅲ","8","HunterSkill_114,3","0,0,0","0,0,0,0,0,3","3","2025-02-27T16:00:00.000Z"
"CHARM_ID_0149","反攻护石Ⅲ","8","HunterSkill_115,3","0,0,0","0,0,0,0,0,3","0","2025-02-27T16:00:00.000Z"
"CHARM_ID_0152","急袭护石Ⅲ","7","HunterSkill_116,3","0,0,0","0,0,0,0,3,0","0","2025-02-27T16:00:00.000Z"
"CHARM_ID_0155","耐裂护石Ⅲ","6","HunterSkill_119,3","0,0,0","0,0,0,3,0,0","0","2025-02-27T16:00:00.000Z"
"CHARM_ID_0158","耐防护石Ⅲ","6","HunterSkill_120,3","0,0,0","0,0,0,3,0,0","0","2025-02-27T16:00:00.000Z"
"CHARM_ID_0162","环境护石Ⅲ","6","HunterSkill_134,3","0,0,0","0,0,0,3,0,0","0","2025-02-27T16:00:00.000Z"
"CHARM_ID_0168","威吓护石Ⅲ","6","HunterSkill_139,3","0,0,0","0,0,0,3,0,0","0","2025-02-27T16:00:00.000Z"
"CHARM_ID_0171","耐缚护石Ⅲ","7","HunterSkill_189,3","0,0,0","0,0,0,3,0,0","0","2025-02-27T16:00:00.000Z"
"CHARM_ID_0173","锁刃护石Ⅱ","7","HunterSkill_146,2","0,0,0","0,0,0,0,0,2","0","2025-02-27T16:00:00.000Z"
"CHARM_ID_0177","属吸护石Ⅱ","8","HunterSkill_190,2","0,0,0","0,0,0,0,0,0","0","2025-02-27T16:00:00.000Z"
"CHARM_ID_0179","属变护石Ⅱ","8","HunterSkill_191,2","0,0,0","0,0,0,0,0,0","0","2025-02-27T16:00:00.000Z"
"CHARM_ID_0182","抗狂护石Ⅲ","7","HunterSkill_195,3","0,0,0","0,0,0,3,0,0","0","2025-02-27T16:00:00.000Z"
"CHARM_ID_0200","希望护石","5","HunterSkill_069,1,HunterSkill_145,1","0,0,0","0,0,0,2,0,0","0","2025-02-27T16:00:00.000Z"
"CHARM_ID_0207","整备护石Ⅳ","8","HunterSkill_138,4","0,0,0","0,0,0,0,4,0","0","2025-02-27T16:00:00.000Z"
"CHARM_ID_0208","饭团护石","6","HunterSkill_211,1","0,0,0","0,0,0,0,0,0","0","2025-02-27T16:00:00.000Z"